Neighborhood,Price,Bedrooms,Bathrooms,House Size,Description,Neighborhood Description
The Heights,"$500,000",4,3,"2,500 sqft","Welcome to this charming 4-bedroom, 3-bathroom home located in the desirable neighborhood of The Heights. This spacious two-story house features a bright and open floor plan with a large living room, cozy fireplace, and a modern kitchen with stainless steel appliances and granite countertops. The master bedroom suite includes a luxurious en-suite bathroom with a soaking tub and walk-in shower. The three additional bedrooms are perfect for a growing family or guests. Outside, the backyard offers a private oasis with a covered patio, ideal for outdoor entertaining. This home also includes a two-car garage and ample storage space. ","The Heights is known for its family-friendly atmosphere, tree-lined streets, and close proximity to local parks, schools, and shopping centers. Residents enjoy easy access to hiking trails, community events, and a strong sense of community. With its central location and convenient amenities, The Heights is a highly sought-after neighborhood for those looking to enjoy a comfortable and vibrant lifestyle."
Oakwood Park,"$450,000",4,3,"2,200 sqft","Welcome to this charming 4-bedroom, 3-bathroom home in the desirable Oakwood Park neighborhood. This well-maintained property features a spacious living room with a cozy fireplace, a modern kitchen with stainless steel appliances, and a separate dining area. The primary bedroom boasts an en-suite bathroom and a walk-in closet. The backyard offers a peaceful retreat with a patio and lush landscaping, perfect for outdoor entertaining. Additionally, this home includes a two-car garage and a laundry room for added convenience. ","Oakwood Park is known for its family-friendly atmosphere and tree-lined streets. Residents enjoy the close proximity to parks, schools, shopping centers, and restaurants. The neighborhood also offers easy access to major highways, making it a convenient location for commuters. Don't miss this opportunity to own a lovely home in Oakwood Park!"
Beverly Hills,"$5,000,000",5,6,"6,000 sqft","This stunning Mediterranean-style villa in the prestigious Beverly Hills neighborhood offers luxury living at its finest. With 5 spacious bedrooms, 6 bathrooms, and a total of 6,000 square feet of living space, this meticulously designed home boasts high-end finishes and top-of-the-line appliances throughout. The grand foyer leads to a formal living room with a fireplace, a gourmet chef's kitchen, a sophisticated dining room, and a cozy family room. The master suite features a lavish en-suite bathroom and a large walk-in closet. The beautifully landscaped backyard is perfect for entertaining with a sparkling pool, spa, and outdoor kitchen. ","Beverly Hills is known for its exclusive, upscale living with world-class shopping, dining, and entertainment options just minutes away. Residents enjoy the privacy and security of gated communities, as well as access to top-rated schools and public parks. This sought-after neighborhood is a haven for celebrities and professionals alike, offering a luxurious lifestyle in the heart of Los Angeles."
Park Slope,"$1,200,000",3,2,"1,800 sqft","Welcome to this charming 3-bedroom, 2-bathroom brownstone townhouse in the sought-after neighborhood of Park Slope. This beautiful home features hardwood floors throughout, high ceilings, a spacious living room with a cozy fireplace, and a modern kitchen with stainless steel appliances and granite countertops. The master bedroom boasts an en-suite bathroom, and there is a lovely backyard perfect for relaxing and entertaining. With ample natural light, this townhouse offers a perfect blend of historic charm and modern convenience. ","Park Slope is known for its tree-lined streets, historic brownstones, and vibrant community. This neighborhood is home to Prospect Park, Brooklyn's favorite park offering miles of walking and biking paths, playgrounds, and recreational facilities. With a diverse array of shops, restaurants, and cafes along 7th Avenue and 5th Avenue, residents enjoy a lively atmosphere and convenient access to amenities. Additionally, excellent schools and easy access to public transportation make Park Slope a highly desirable place to call home."
Oak Park,"$750,000",3,2,"2,000 sqft","Welcome to this charming 3-bedroom, 2-bathroom home located in the desirable Oak Park neighborhood. This delightful single-story house features a spacious living room with a cozy fireplace, a gourmet kitchen with granite countertops and stainless steel appliances, and a beautiful backyard perfect for entertaining. The master bedroom boasts an ensuite bathroom with a luxurious soaking tub and separate shower. Additional highlights include hardwood floors throughout, a two-car garage, and a lush front yard with mature landscaping. ","Oak Park is known for its tree-lined streets, top-rated schools, and family-friendly atmosphere. Residents enjoy nearby parks, hiking trails, and easy access to shopping and dining options. With a strong sense of community and a convenient location, Oak Park offers the perfect balance of suburban living and urban amenities."
Upper East Side,"$1,200,000",3,2.5,"2,000 sqft","Welcome to this stunning 3-bedroom, 2.5-bathroom townhouse located in the prestigious Upper East Side neighborhood. This beautifully renovated home features a spacious living room with a fireplace, a modern kitchen with stainless steel appliances, and a dining area perfect for entertaining. The master suite boasts a luxurious en-suite bathroom and ample closet space. The property also includes a private outdoor patio, perfect for enjoying your morning coffee or hosting gatherings. With hardwood floors throughout, high ceilings, and plenty of natural light, this townhouse provides a comfortable and stylish living experience. ","The Upper East Side is known for its upscale living, with tree-lined streets, elegant townhouses, and a plethora of luxury boutiques and restaurants. This neighborhood offers easy access to Central Park, world-class museums like the Metropolitan Museum of Art, and top-rated schools. Residents can enjoy a vibrant cultural scene, upscale shopping, and convenient transportation options. Living in the Upper East Side provides a sophisticated and convenient lifestyle in the heart of New York City."
"Park Slope, Brooklyn","$1,200,000",3,2.5,"2,000 sqft","This charming brownstone located in the heart of Park Slope offers a perfect blend of historic charm and modern amenities. The main floor features a spacious living room with a decorative fireplace, a gourmet kitchen with stainless steel appliances, and a dining area that opens up to a private backyard. The second floor boasts two bright and airy bedrooms with ample closet space and a full bathroom. The top floor is dedicated to the master suite, complete with a luxurious en-suite bathroom and a walk-in closet. Additional highlights include hardwood floors, central air conditioning, and a finished basement that can be used as a home office or recreation space. ","Park Slope is a sought-after neighborhood known for its tree-lined streets, historic brownstones, and vibrant community. Residents can enjoy a plethora of trendy restaurants, boutiques, and cafes along 5th Avenue and 7th Avenue. Prospect Park is just a short walk away, offering beautiful green spaces, playgrounds, and the Brooklyn Botanic Garden. With easy access to public transportation, including multiple subway lines, Park Slope provides a convenient commute to Manhattan and other parts of Brooklyn."
Westwood,"$1,200,000",4,2.5,"2,500 sqft","Welcome to this charming 4-bedroom, 2.5-bathroom home located in the coveted Westwood neighborhood. This beautiful property features an open floor plan with a spacious living room, a gourmet kitchen with stainless steel appliances, a formal dining area, and a cozy family room with a fireplace. The primary suite offers a luxurious retreat with a walk-in closet and a spa-like bathroom. Additional highlights include hardwood floors, high ceilings, a private backyard with a patio for outdoor entertaining, and a two-car garage. This home is perfect for both relaxing and hosting gatherings with family and friends. ","Westwood is a desirable neighborhood known for its tree-lined streets, top-rated schools, and close proximity to parks, shops, and restaurants. Residents enjoy a suburban feel with easy access to urban amenities, making it an ideal place to live for families and professionals alike. With its convenient location and vibrant community, Westwood offers a high quality of life for its residents."
Hilltop Estates,"$550,000",4,3,"2,500 sqft","This stunning single-family home in the desirable Hilltop Estates offers 4 bedrooms, 3 bathrooms, and a spacious living area spanning 2,500 square feet. The open concept layout features a modern kitchen with stainless steel appliances, granite countertops, and a large island for gathering. The master suite boasts a walk-in closet and en-suite bathroom with dual vanity sinks, soaking tub, and separate shower. Outside, the landscaped backyard is perfect for entertaining with a patio and plenty of green space. ","Hilltop Estates is known for its peaceful atmosphere and well-maintained properties. The community is family-friendly with sidewalks for strolling and a nearby park for outdoor activities. Conveniently located near shops, restaurants, and schools, Hilltop Estates provides a suburban retreat while still being within reach of urban amenities."
Green Valley,"$500,000",3,2,"2,000 sqft","Welcome to this charming 3-bedroom, 2-bathroom home located in the desirable Green Valley neighborhood. This well-maintained property offers a spacious living area with a cozy fireplace, a modern kitchen with stainless steel appliances, and a dining area that opens up to a lovely backyard with a patio, perfect for entertaining guests. The master bedroom boasts an en-suite bathroom, and the other two bedrooms are generously sized. Additional features include a two-car garage, a laundry room, and a well-manicured front yard. ","Green Valley is a family-friendly neighborhood with tree-lined streets, parks, and top-rated schools. Residents enjoy easy access to shopping centers, restaurants, and recreational facilities. The community has a strong sense of community, with regular events and activities for residents to participate in. With its convenient location and peaceful atmosphere, Green Valley is a sought-after area for families looking to settle down."
